{"mean": 5.711463246793613e-11, "std": 0.8136048913002014}