{"mean": 2.21239972114563, "std": 9.871625900268555}